{"cameraMode":{"drawMode":0,"name":"Shaded","section":"Shading Mode"},"sceneLighting":false,"audioPlay":false,"sceneViewState":{"showFog":true,"showMaterialUpdate":true,"showSkybox":false,"showFlares":true,"showImageEffects":true,"showParticleSystems":true},"in2DMode":false,"pivot":{"x":892.4217529296875,"y":0.5333664417266846,"z":465.511474609375},"rotation":{"x":0.09840275347232819,"y":-0.8027668595314026,"z":0.571762204170227,"w":0.13814444839954377},"size":12.49525260925293,"orthographic":false}