{"cameraMode":{"drawMode":0,"name":"Shaded","section":"Shading Mode"},"sceneLighting":false,"audioPlay":false,"sceneViewState":{"showFog":true,"showMaterialUpdate":true,"showSkybox":false,"showFlares":true,"showImageEffects":true,"showParticleSystems":true},"in2DMode":false,"pivot":{"x":7.644162654876709,"y":-6.773308753967285,"z":-162.04330444335938},"rotation":{"x":0.09865177422761917,"y":0.871084988117218,"z":-0.4396420419216156,"w":0.19553248584270478},"size":3.1648600101470949,"orthographic":false}