{"cameraMode":{"drawMode":0,"name":"Shaded","section":"Shading Mode"},"sceneLighting":false,"audioPlay":false,"sceneViewState":{"showFog":true,"showMaterialUpdate":true,"showSkybox":false,"showFlares":true,"showImageEffects":true,"showParticleSystems":true},"in2DMode":false,"pivot":{"x":-6.01291036605835,"y":0.24591064453125,"z":255.04856872558595},"rotation":{"x":0.35941264033317568,"y":-0.1292773336172104,"z":0.050349198281764987,"w":0.9228197336196899},"size":4.027429103851318,"orthographic":false}