{"cameraMode":{"drawMode":0,"name":"Shaded","section":"Shading Mode"},"sceneLighting":true,"audioPlay":false,"sceneViewState":{"showFog":true,"showMaterialUpdate":true,"showSkybox":true,"showFlares":true,"showImageEffects":true,"showParticleSystems":true},"in2DMode":false,"pivot":{"x":544.4827880859375,"y":321.0166015625,"z":-11.6689453125},"rotation":{"x":0.2861761152744293,"y":-0.033929888159036639,"z":0.01006015669554472,"w":0.9576032161712647},"size":232.35903930664063,"orthographic":false}